analyst,accuracy,fraud_catch_rate,false_alarm_rate
standard#0,0.5235,0.9313,0.5327
standard#1,0.6424,0.8417,0.3851
standard#2,0.6165,0.9052,0.4233
standard#3,0.3765,0.9852,0.7076
standard#4,0.3309,0.9852,0.7594
standard#5,0.7171,0.8255,0.2979
standard#6,0.5462,0.93,0.5068
standard#7,0.6939,0.9367,0.3396
standard#8,0.8858,0.7324,0.093
standard#9,0.5847,0.905,0.4595
standard#10,0.8632,0.8153,0.1302
standard#11,0.7857,0.7097,0.2038
standard#12,0.8467,0.7913,0.1456
standard#13,0.651,0.8209,0.3725
standard#14,0.6163,0.8813,0.4202
standard#15,0.5579,0.884,0.4871
standard#16,0.8798,0.7275,0.0992
standard#17,0.8911,0.7728,0.0926
standard#18,0.6359,0.9036,0.401
standard#19,0.7131,0.8414,0.3046
standard#20,0.4944,0.8791,0.5587
standard#21,0.8592,0.8024,0.1329
standard#22,0.8567,0.7682,0.1311
standard#23,0.9073,0.7184,0.0667
standard#24,0.5287,0.9351,0.5274
standard#25,0.9241,0.7111,0.0465
standard#26,0.8305,0.7558,0.1591
standard#27,0.902,0.6885,0.0685
standard#28,0.6321,0.9693,0.4144
standard#29,0.5291,0.9066,0.523
standard#30,0.5217,0.8656,0.5257
standard#31,0.8159,0.752,0.1752
standard#32,0.4402,0.9677,0.6326
standard#33,0.9313,0.6904,0.0355
standard#34,0.5817,0.8745,0.4587
standard#35,0.7811,0.7999,0.2215
standard#36,0.7516,0.7663,0.2505
standard#37,0.8726,0.8091,0.1186
standard#38,0.9613,0.7886,0.0148
standard#39,0.9053,0.7789,0.0772
standard#40,0.7871,0.8697,0.2243
standard#41,0.5988,0.9855,0.4546
standard#42,0.4888,0.913,0.5697
standard#43,0.6449,0.954,0.3978
standard#44,0.8285,0.7639,0.1626
standard#45,0.639,0.8845,0.3949
standard#46,0.5919,0.9672,0.4599
standard#47,0.8146,0.7644,0.1785
standard#48,0.8244,0.8568,0.1801
standard#49,0.7617,0.8438,0.2496
