review_capacity,precision_score_order,fraud_caught_pct,precision_random,fraud_caught_random_pct
10,0.8,0.0022,0.1213,0.0003
25,0.72,0.0048,0.1213,0.0008
50,0.78,0.0105,0.1213,0.0016
100,0.74,0.0199,0.1213,0.0033
200,0.66,0.0355,0.1213,0.0065
300,0.5933,0.0479,0.1213,0.0098
400,0.5475,0.059,0.1213,0.0131
500,0.526,0.0708,0.1213,0.0163
600,0.5083,0.0821,0.1213,0.0196
700,0.4886,0.0921,0.1213,0.0229
800,0.4812,0.1037,0.1213,0.0261
900,0.4689,0.1136,0.1213,0.0294
1000,0.458,0.1233,0.1213,0.0327
1100,0.4418,0.1309,0.1213,0.0359
1200,0.4267,0.1379,0.1213,0.0392
1300,0.4208,0.1473,0.1213,0.0425
1400,0.415,0.1564,0.1213,0.0457
1500,0.402,0.1624,0.1213,0.049
1600,0.3969,0.171,0.1213,0.0523
1700,0.3894,0.1782,0.1213,0.0555
1800,0.3817,0.185,0.1213,0.0588
1900,0.3768,0.1928,0.1213,0.062
2000,0.3675,0.1979,0.1213,0.0653
2500,0.3412,0.2297,0.1213,0.0816
5000,0.267,0.3595,0.1213,0.1633
7500,0.2313,0.4672,0.1213,0.2449
10000,0.2068,0.5568,0.1213,0.3266
12500,0.1868,0.6287,0.1213,0.4082
15000,0.1737,0.7017,0.1213,0.4898
17500,0.1621,0.7636,0.1213,0.5715
20000,0.1525,0.8212,0.1213,0.6531
22500,0.1423,0.8621,0.1213,0.7348
25000,0.1354,0.9114,0.1213,0.8164
27500,0.1288,0.9534,0.1213,0.898
30000,0.1226,0.99,0.1213,0.9797
30622,0.1213,1.0,0.1213,1.0
